,accuracy,f1_macro,f1_micro,precision,recall
Pure Graphormer,0.986,0.9860344000006048,0.986,0.9860292716636438,0.9861225487304702
Graphormer + Explainer,0.373,0.28948206441802654,0.373,0.24562795289471828,0.37082104228121926
GCN,0.5265,0.461146461857223,0.5265,0.5141761113663191,0.5301483492990076
GIN,0.9205,0.9205767421768715,0.9205,0.9219955796423985,0.9202832365065259
