Model,accuracy,f1_macro,f1_micro,precision,recall,Dataset
Pure Graphormer,0.9865,0.9866074884765826,0.9865,0.9866708767822394,0.9866173729753873,synthetic
Graphormer + Explainer,0.9995,0.9995025387772136,0.9995,0.999515503875969,0.9994903160040775,synthetic
Graphormer + Explainer + Reg,0.9995,0.9995025387772136,0.9995,0.999515503875969,0.9994903160040775,synthetic
GCN,0.5215,0.46319463683860174,0.5215,0.510629702423992,0.5284002679992624,synthetic
GIN,0.929,0.9294282781192722,0.929,0.9305174739992786,0.9291557855038889,synthetic
