,precision@5,recall@5,f1@5,precision@10,recall@10,f1@10,precision@20,recall@20,f1@20
Graphormer Explainer,1.0,0.0002511048613901165,0.0005020836471356127,1.0,0.000502209722780233,0.0010039152695512498,1.0,0.001004419445560466,0.002006823198876179
Random,0.2,5.02209722780233e-05,0.00010041672942712255,0.2,0.0001004419445560466,0.00020078305391024997,0.25,0.0002511048613901165,0.0005017057997190448
